Symbol,Fiscal Year,Parity
SMBC,25-Feb-19,4
ECOC,27-Dec-18,5
SEMC,20-Dec-18,40
SAFC,24-Dec-18,5
ONTBF,29-Aug-18,2
STBC,26-Jul-18,20
SIBC,15-Jun-18,5
TTLC,12-Feb-18,5
FTSC,31-Jan-18,4
SDCC,27-Dec-17,10
SIVC,20-Dec-17,10
SDCC,28-Dec-17,10
BOAM,22-Dec-17,50
SIVC,1-Dec-17,10
CBIBF,14-Dec-17,5
CFAC,13-Nov-17,100
SCRC,4-Dec-17,4
CIEC,18-Oct-17,20
PALC,3-Nov-17,2
TTLC,2-Nov-17,10
BOAS,30-Oct-17,10
BOAB,31-Oct-17,10
BOAN,27-Oct-17,10
BOAC,26-Oct-17,10
BOABF,24-Oct-17,10
STAC,25-Oct-17,100
CIEC,19-Oct-17,20
BICC,6-Oct-17,10
None,7-Sep-17,20
SGBC,24-Aug-17,10
CABC,14-Aug-17,40
SGBC,25-Aug-17,10
UNXC,10-Aug-17,5
NEIC,9-Aug-17,25
SOGC,18-Aug-17,10
SDSC,28-Jul-17,50
BNBC,26-Jul-17,20
NEIC,10-Aug-17,25
CABC,16-Aug-17,40
BNBC,27-Jul-17,20
SPHC,21-Jul-17,5
ABJC,30-Sep-16,20
